z,Surv,z1,Repr,Sex,Recr,Rcsz,yr
2.574231597441135,1,2.6928355771251176,0.0,,,,1
2.350597348162859,0,,,,,,1
2.6506464480249763,0,,,,,,1
2.5693616760944122,0,,,,,,1
2.618475291496471,1,2.9041764768096234,1.0,1.0,1.0,2.2452760024896947,1
2.3950714557192048,0,,,,,,1
2.697979371076398,1,2.920842067536069,0.0,,,,1
2.2143362972038436,0,,,,,,1
2.6251159160302757,1,2.900313560997199,0.0,,,,1
2.4850366793218273,1,2.7745895751404124,1.0,1.0,1.0,1.9816706909367157,1
2.624704492701792,1,2.767923040203152,0.0,,,,1
2.7682618601979327,0,,,,,,1
2.546824835685553,1,2.768447340149505,0.0,,,,1
2.6128240960415687,1,2.7954612161189427,0.0,,,,1
2.4876257627641767,0,,,,,,1
2.6914525416077084,1,2.930247623988282,0.0,,,,1
2.7969033237818306,1,2.9761730467570864,1.0,1.0,1.0,2.6420468419066823,1
2.5099632003358394,0,,,,,,1
2.711971930787339,1,2.920006848378626,1.0,1.0,1.0,1.9552497566319014,1
2.822249370071053,0,,,,,,1
2.668371682055814,0,,,,,,1
2.8193652907254534,1,2.873202483890445,0.0,,,,1
2.491462300008634,0,,,,,,1
2.715258733191826,0,,,,,,1
2.5147231912778136,1,2.7654454622327367,1.0,1.0,1.0,2.117444819535049,1
2.5344223304386686,0,,,,,,1
2.496477495259052,1,2.9093373893563874,0.0,,,,1
2.64881476805624,1,3.0376256392653636,1.0,1.0,1.0,1.8278304299770933,1
3.0379667103478787,1,3.0607730814090517,1.0,1.0,1.0,2.4082439390459056,1
2.714255210593754,1,2.9956372215172875,1.0,0.0,,,1
2.698546554802756,1,2.847693714867774,1.0,1.0,1.0,2.4469279539439257,1
2.530636921690054,1,2.7857151821198376,1.0,0.0,,,1
2.483456245579816,1,2.7316894591471352,0.0,,,,1
2.753294100308073,1,2.8971306511371977,1.0,0.0,,,1
2.4107040649238063,1,2.64898269000131,0.0,,,,1
2.570261363991245,0,,,,,,1
2.412689845525049,1,2.767932921313949,0.0,,,,1
2.67389048017247,1,2.842932416573885,1.0,0.0,,,1
2.4532683332433503,0,,,,,,1
2.7879880206572913,1,3.0405955577402444,0.0,,,,1
2.6812658164339735,1,2.913177699387951,1.0,1.0,1.0,2.3226149468776187,1
2.534858589916235,0,,,,,,1
2.556985912042738,1,2.7004570401748325,0.0,,,,1
2.608871889730659,1,2.8834004231267407,1.0,1.0,1.0,1.8811487452166216,1
2.372739100134161,1,2.7773627552984586,0.0,,,,1
2.5575938443627266,1,2.758550599654126,1.0,0.0,,,1
2.7128342351144816,1,3.058785745138403,1.0,1.0,1.0,2.5140997010327664,1
2.7325100975353385,1,2.9112335301497767,0.0,,,,1
2.8587395889568668,1,2.987367907486294,0.0,,,,1
2.6895853034483324,1,3.1148562004294074,1.0,0.0,,,1
2.4564610990317925,0,,,,,,1
2.3693588127196774,1,2.8265326378849176,0.0,,,,1
2.7913065739893925,1,2.9988002872506074,1.0,0.0,,,1
2.7288595289179067,0,,,,,,1
2.508084843191505,0,,,,,,1
2.940009253483534,1,3.0776864946538454,0.0,,,,1
2.599318173260832,0,,,,,,1
2.5941618100003945,1,2.8327471869973877,0.0,,,,1
2.463273856736198,1,2.776761142861699,1.0,1.0,1.0,2.123912213986537,1
2.810313799003425,1,2.964163745571713,0.0,,,,1
2.542767718978628,0,,,,,,1
2.694138653500257,1,3.0489745491571125,1.0,1.0,1.0,2.2493889487057777,1
2.6298279847017922,1,2.909959169781534,1.0,1.0,1.0,2.1244690239955872,1
2.789308117236204,1,2.9390878294587126,0.0,,,,1
2.66039410431115,0,,,,,,1
2.582114849529088,1,2.9444131024083067,0.0,,,,1
2.6812749173940493,1,2.940543497321668,1.0,1.0,1.0,2.145909521584806,1
2.7372741358684407,0,,,,,,1
2.6608819157621317,1,2.810964893958608,0.0,,,,1
2.6583930611795985,1,2.8483895320488566,0.0,,,,1
2.587522528092963,0,,,,,,1
2.9558708815738193,1,3.064028572699582,1.0,0.0,,,1
2.740228725927653,1,3.062820251398692,0.0,,,,1
2.897081857758253,1,3.0417168873160603,1.0,0.0,,,1
2.6492716686237303,1,2.940031438970337,0.0,,,,1
2.7804589368233517,1,2.8357319673797754,0.0,,,,1
2.5362788926528346,1,2.823961437107085,0.0,,,,1
2.523844919734395,0,,,,,,1
2.629381574532991,1,2.914227228883291,0.0,,,,1
2.5784380360228845,0,,,,,,1
2.498871173233666,1,2.8604998565292847,1.0,1.0,0.0,,1
2.447472122896492,1,2.889978302364413,1.0,1.0,1.0,1.8812628629104347,1
2.7727999629149247,0,,,,,,1
2.5152697218749482,1,2.7720663939447254,0.0,,,,1
2.601803991993805,1,2.9038190539707798,1.0,1.0,1.0,1.9398134683877102,1
2.5971785986377376,1,2.65744337374785,0.0,,,,1
2.62666552191513,1,2.8136220758618844,0.0,,,,1
2.649993455130289,0,,,,,,1
2.648576464551185,1,2.8883350559624446,1.0,1.0,1.0,1.8204060673231348,1
2.779340534596757,1,3.042843612079206,0.0,,,,1
2.7329957417436765,1,2.9675937621946633,1.0,0.0,,,1
2.705340568999466,0,,,,,,1
2.55759163336006,0,,,,,,1
2.8560629971057603,1,3.1272196598329485,1.0,1.0,1.0,2.7850166293448155,1
2.721460532890822,1,3.054980241113263,1.0,1.0,1.0,2.2992316014562517,1
2.587015857645096,1,2.8313499255331753,0.0,,,,1
2.6437817741589735,1,2.9028428454673674,1.0,1.0,1.0,2.391156284730538,1
2.5051311157169014,1,2.87184762083722,0.0,,,,1
2.5742938665113595,1,2.8612189110936255,0.0,,,,1
2.4722657707041713,1,2.5930720374215097,1.0,1.0,1.0,2.1331112426330865,1
2.7864480440030914,1,2.972559442189377,1.0,0.0,,,1
2.6713415110109295,0,,,,,,1
2.4363151638859075,0,,,,,,1
2.38980008631349,0,,,,,,1
2.5936938782203782,0,,,,,,1
2.638936538707868,0,,,,,,1
2.5400059219533486,0,,,,,,1
2.5092762460958156,1,2.691644409538113,1.0,0.0,,,1
2.692729072570055,0,,,,,,1
2.6297356752191847,1,2.8938765030554165,0.0,,,,1
2.937925155199911,1,2.9866259991259696,0.0,,,,1
2.8839745707258198,0,,,,,,1
2.8521912371040195,1,2.8898873586986995,1.0,1.0,1.0,2.7992924073058947,1
2.522304517225987,1,2.9124602372179265,1.0,0.0,,,1
2.7530506943084214,1,2.936561136694746,0.0,,,,1
2.55526672261946,0,,,,,,1
2.5834673850185537,0,,,,,,1
2.738174816799192,1,3.0253592842365578,1.0,1.0,0.0,,1
2.5924546668928024,0,,,,,,1
2.7836209057681094,0,,,,,,1
2.698949482776845,1,2.9562058647987417,0.0,,,,1
2.4466437438408146,1,2.5195505672549654,0.0,,,,1
2.7721972644795456,1,2.9277685984511206,1.0,1.0,1.0,2.2261302454261127,1
2.7158161853077325,0,,,,,,1
2.606148543379387,0,,,,,,1
2.801862384105132,1,2.8831473347922882,1.0,1.0,1.0,2.1608778575408585,1
2.7820860889557815,1,2.9873309862411905,0.0,,,,1
2.718944393074771,1,2.927071403658818,0.0,,,,1
2.4917219991727944,1,3.008764397624636,0.0,,,,1
2.572522541145887,1,2.8122003964035587,0.0,,,,1
2.6189712264412077,1,2.8704899394344485,1.0,1.0,0.0,,1
2.568003287484574,1,2.6980364245298145,0.0,,,,1
2.4248499449861867,0,,,,,,1
2.952248153210729,1,2.9966697659137025,1.0,1.0,1.0,2.612188401906485,1
2.7580905769281983,1,2.9980225809552388,1.0,0.0,,,1
2.7137454395243816,0,,,,,,1
2.631744314448145,1,2.9125222763978047,0.0,,,,1
2.5739270921150377,0,,,,,,1
2.757692216998745,0,,,,,,1
2.8601453746071206,1,3.170724153631131,1.0,0.0,,,1
2.7992173316816666,1,2.9632855359610373,0.0,,,,1
2.8970908894452987,1,3.0452638322770134,1.0,1.0,1.0,2.5327469158012748,1
2.550248999628093,0,,,,,,1
2.6859954732186586,1,2.8778330520007276,0.0,,,,1
2.6609751491663536,1,2.8409908086232303,1.0,0.0,,,1
2.7460358119569066,1,2.8653787721167525,0.0,,,,1
2.38909089831878,0,,,,,,1
2.517515257598556,1,2.7208733701002905,1.0,0.0,,,1
2.6941617977716246,1,2.9556518703823746,0.0,,,,1
2.5993425198685034,1,2.914407962035708,1.0,0.0,,,1
2.4558412285554736,0,,,,,,1
2.527863466969531,1,2.935576843868426,0.0,,,,1
2.6180416701735925,0,,,,,,1
2.634050872185793,0,,,,,,1
2.512764709413533,0,,,,,,1
2.713061387922421,0,,,,,,1
2.9598032542472374,1,2.946288154919182,1.0,0.0,,,1
2.509864632549443,1,2.7233626239017426,1.0,0.0,,,1
2.5906100228534514,1,2.8064401274460136,0.0,,,,1
2.6882825416592064,1,2.906679920887193,0.0,,,,1
2.6730693539329793,1,2.897759569394358,1.0,0.0,,,1
2.396577279656851,1,2.688727793761536,1.0,1.0,1.0,2.002208261318149,1
2.478711596113469,1,2.695861333740716,0.0,,,,1
2.7401887645508465,1,2.9616547783750278,0.0,,,,1
2.7233710177443626,0,,,,,,1
2.7615053682587103,1,3.0587162131337253,1.0,0.0,,,1
2.463603188212855,0,,,,,,1
2.5910531501113936,0,,,,,,1
2.563761357766221,0,,,,,,1
2.355033842348453,0,,,,,,1
2.4404633438506425,0,,,,,,1
2.8059336748960755,1,3.032385571289255,1.0,1.0,1.0,2.517867812722106,1
2.5858605012619535,1,2.7553195309312435,1.0,0.0,,,1
2.426733440422366,0,,,,,,1
2.611722651290813,1,2.903313706602644,0.0,,,,1
2.6269949975948688,0,,,,,,1
2.6920909756431275,1,2.8011296322394474,0.0,,,,1
2.722693030272364,1,2.8878936125709846,0.0,,,,1
2.5805920703463348,0,,,,,,1
2.7614087379900685,1,2.9309135515329494,0.0,,,,1
2.388407179431006,0,,,,,,1
2.796076117133879,1,2.985869894778847,0.0,,,,1
2.702747648355211,1,2.929461143357861,0.0,,,,1
2.8920246260531823,1,3.0106506576486836,1.0,1.0,1.0,2.568736160444535,1
2.686998944752563,1,2.8550465241216663,0.0,,,,1
2.735193105476711,1,2.958802764712468,1.0,0.0,,,1
2.68734726154748,1,2.8645811948869095,1.0,1.0,1.0,2.281274648424824,1
2.7093098233101838,1,2.9145732576994576,1.0,1.0,1.0,2.2449451377139544,1
2.671193169834889,1,2.816189276468925,1.0,0.0,,,1
2.5368583950678048,0,,,,,,1
2.5989263085448977,1,2.972943781426584,1.0,1.0,0.0,,1
2.8049914707150285,1,3.126543592329349,1.0,0.0,,,1
2.310128835591665,0,,,,,,1
2.6323365413203925,0,,,,,,1
2.6712107229725817,1,2.8420582570953035,0.0,,,,1
2.4182624291789336,1,2.798377005428245,1.0,0.0,,,1
2.5183678435208883,0,,,,,,1
2.3944903262745916,1,2.6743361158539827,0.0,,,,1
2.6413650134603532,1,2.798350488027149,1.0,1.0,1.0,2.2954491377389576,1
2.7468208960410974,1,2.934328167056405,0.0,,,,1
2.686317401408481,0,,,,,,1
2.9194659651812165,1,3.006243763012564,1.0,0.0,,,1
2.6623467983595095,0,,,,,,1
2.744995397683505,1,2.9857949836897575,0.0,,,,1
2.7791175025393704,1,3.0611283277155277,0.0,,,,1
2.600920931154866,0,,,,,,1
2.831445015089985,0,,,,,,1
2.888407687931903,1,3.1663760416511835,1.0,1.0,1.0,2.275972773367112,1
2.295930334209053,0,,,,,,1
2.7362203618815095,1,2.920048348241547,1.0,1.0,1.0,2.2753947857422125,1
2.598585503350429,1,2.9168161301098454,0.0,,,,1
2.670484288529193,1,3.018557317592527,0.0,,,,1
2.5683093525485,1,2.7985461165853667,0.0,,,,1
2.6295246864730353,0,,,,,,1
2.360746121024743,0,,,,,,1
2.6998982925017616,0,,,,,,1
2.3480912249250077,0,,,,,,1
2.656264222719102,0,,,,,,1
2.6060328856849866,1,2.8655984970261885,0.0,,,,1
2.5464087201181966,1,2.8414231025397267,1.0,1.0,1.0,2.3079683996478635,1
2.716864401517062,1,2.944460919070708,0.0,,,,1
2.7858842275449316,1,2.8937310039618236,1.0,0.0,,,1
2.622818140733697,1,2.9503868243137177,1.0,0.0,,,1
2.6755585248917897,1,2.7957349037086074,1.0,0.0,,,1
2.8423031272574,1,2.9329049700013434,1.0,0.0,,,1
2.6503500235832322,1,2.7756946903335784,0.0,,,,1
2.731099846378995,1,2.9877334121115795,1.0,0.0,,,1
2.9379225818306014,1,3.1318208374100602,1.0,0.0,,,1
2.6575030668397206,1,2.7651363865379204,1.0,1.0,0.0,,1
2.7118567241599276,0,,,,,,1
2.6764797387672,1,2.8532603958361866,1.0,0.0,,,1
2.5512221448088743,0,,,,,,1
2.8381543140979826,0,,,,,,1
2.4715335868364354,0,,,,,,1
2.706418222026862,0,,,,,,1
2.6546881321507234,0,,,,,,1
2.801124966726028,1,2.988019189819026,1.0,1.0,1.0,2.228198829629843,1
2.6179678925280845,0,,,,,,1
2.6947576398817006,1,2.907000137523083,0.0,,,,1
2.692083167839102,1,3.0220728191672626,0.0,,,,1
2.7565980329331476,1,2.868880423630618,0.0,,,,1
2.6543931742702562,1,3.0642925263282685,1.0,0.0,,,1
2.850517008146791,1,2.9913916704484795,0.0,,,,1
2.692260847231075,0,,,,,,1
2.9438251879818065,0,,,,,,1
2.4831493506969826,0,,,,,,1
2.671141597784863,1,2.92090950864484,1.0,1.0,1.0,2.314389751878248,1
2.2675692297555594,0,,,,,,1
2.4703970568344786,0,,,,,,1
2.8784085790615084,1,3.0126546382784944,1.0,1.0,0.0,,1
2.2452760024896947,0,,,,,,2
1.9816706909367157,0,,,,,,2
2.6420468419066823,0,,,,,,2
1.9552497566319014,0,,,,,,2
2.117444819535049,0,,,,,,2
1.8278304299770933,0,,,,,,2
2.4082439390459056,0,,,,,,2
2.4469279539439257,0,,,,,,2
2.3226149468776187,0,,,,,,2
1.8811487452166216,0,,,,,,2
2.5140997010327664,0,,,,,,2
2.123912213986537,0,,,,,,2
2.2493889487057777,0,,,,,,2
2.1244690239955872,0,,,,,,2
2.145909521584806,1,2.5971957426472665,0.0,,,,2
1.8812628629104347,0,,,,,,2
1.9398134683877102,0,,,,,,2
1.8204060673231348,0,,,,,,2
2.7850166293448155,1,2.999697497074548,0.0,,,,2
2.2992316014562517,0,,,,,,2
2.391156284730538,0,,,,,,2
2.1331112426330865,1,2.6478552650139977,1.0,1.0,1.0,2.130724724670538,2
2.7992924073058947,0,,,,,,2
2.2261302454261127,0,,,,,,2
2.1608778575408585,0,,,,,,2
2.612188401906485,1,2.6923934341036735,1.0,1.0,1.0,2.343031851260941,2
2.5327469158012748,1,2.781301202694513,0.0,,,,2
2.002208261318149,0,,,,,,2
2.517867812722106,1,2.884530198356547,1.0,1.0,0.0,,2
2.568736160444535,0,,,,,,2
2.281274648424824,0,,,,,,2
2.2449451377139544,0,,,,,,2
2.2954491377389576,1,2.6197494102402703,0.0,,,,2
2.275972773367112,0,,,,,,2
2.2753947857422125,0,,,,,,2
2.3079683996478635,0,,,,,,2
2.228198829629843,0,,,,,,2
2.314389751878248,0,,,,,,2
2.6928355771251176,0,,,,,,2
2.9041764768096234,1,3.0413454169428737,1.0,1.0,1.0,2.3732822690192736,2
2.920842067536069,1,2.917121943845445,1.0,0.0,,,2
2.900313560997199,1,3.021978832760818,0.0,,,,2
2.7745895751404124,1,2.9873022459601315,1.0,1.0,1.0,2.475450984246221,2
2.767923040203152,1,3.0163762354258887,1.0,0.0,,,2
2.768447340149505,1,2.9757594238327267,0.0,,,,2
2.7954612161189427,1,3.105503647563378,0.0,,,,2
2.930247623988282,1,3.0725586737865838,0.0,,,,2
2.9761730467570864,1,3.101208134328313,1.0,0.0,,,2
2.920006848378626,1,3.0873575908786846,1.0,1.0,1.0,2.447844421054397,2
2.873202483890445,1,2.932086342807229,1.0,1.0,1.0,2.5250405914570835,2
2.7654454622327367,0,,,,,,2
2.9093373893563874,1,3.163386905568167,1.0,0.0,,,2
3.0376256392653636,1,3.069113397508657,1.0,1.0,1.0,2.434005184020043,2
3.0607730814090517,1,3.1039862065472517,1.0,0.0,,,2
2.9956372215172875,1,3.0027819142116075,1.0,0.0,,,2
2.847693714867774,0,,,,,,2
2.7857151821198376,0,,,,,,2
2.7316894591471352,0,,,,,,2
2.8971306511371977,0,,,,,,2
2.64898269000131,1,2.884225587940435,0.0,,,,2
2.767932921313949,0,,,,,,2
2.842932416573885,0,,,,,,2
3.0405955577402444,0,,,,,,2
2.913177699387951,1,3.074648121893335,1.0,0.0,,,2
2.7004570401748325,1,2.7444351188304568,0.0,,,,2
2.8834004231267407,1,2.9442517293909476,0.0,,,,2
2.7773627552984586,1,2.9288493150047055,1.0,1.0,0.0,,2
2.758550599654126,0,,,,,,2
3.058785745138403,1,3.1719580807310326,1.0,1.0,1.0,2.4761485154083314,2
2.9112335301497767,1,3.250218182474421,0.0,,,,2
2.987367907486294,0,,,,,,2
3.1148562004294074,1,3.1966329131215576,0.0,,,,2
2.8265326378849176,1,3.0402461278471598,1.0,0.0,,,2
2.9988002872506074,1,2.9724184158050937,1.0,0.0,,,2
3.0776864946538454,0,,,,,,2
2.8327471869973877,1,3.059781448424026,0.0,,,,2
2.776761142861699,1,2.9946123807592278,1.0,0.0,,,2
2.964163745571713,1,3.194504251149776,1.0,1.0,0.0,,2
3.0489745491571125,1,3.013253558000759,0.0,,,,2
2.909959169781534,1,3.0804401708030777,1.0,1.0,1.0,2.1695762087690382,2
2.9390878294587126,1,2.970336637292351,0.0,,,,2
2.9444131024083067,1,3.05618152883759,1.0,1.0,1.0,2.485905082904754,2
2.940543497321668,0,,,,,,2
2.810964893958608,0,,,,,,2
2.8483895320488566,1,2.890398198713564,1.0,0.0,,,2
3.064028572699582,1,3.141212579609561,0.0,,,,2
3.062820251398692,1,3.1809826054929986,0.0,,,,2
3.0417168873160603,1,3.178971398408625,1.0,1.0,1.0,2.4210991382140437,2
2.940031438970337,1,3.0845905658353594,0.0,,,,2
2.8357319673797754,1,2.8776923802965007,0.0,,,,2
2.823961437107085,1,2.9964118370031145,0.0,,,,2
2.914227228883291,1,2.9159864721687767,0.0,,,,2
2.8604998565292847,1,2.96753134599206,1.0,1.0,1.0,2.381531192390975,2
2.889978302364413,0,,,,,,2
2.7720663939447254,1,3.0129795214651263,1.0,0.0,,,2
2.9038190539707798,0,,,,,,2
2.65744337374785,0,,,,,,2
2.8136220758618844,1,3.112896010661533,0.0,,,,2
2.8883350559624446,1,2.9051904538354925,0.0,,,,2
3.042843612079206,1,3.2492440217556298,0.0,,,,2
2.9675937621946633,0,,,,,,2
3.1272196598329485,1,3.223221750142572,1.0,0.0,,,2
3.054980241113263,0,,,,,,2
2.8313499255331753,0,,,,,,2
2.9028428454673674,0,,,,,,2
2.87184762083722,1,3.0211356515438297,1.0,1.0,1.0,2.5193663242220623,2
2.8612189110936255,1,2.961497711129372,1.0,0.0,,,2
2.5930720374215097,1,2.9621625451747744,1.0,1.0,1.0,2.1518778159216327,2
2.972559442189377,1,3.116194213464846,1.0,0.0,,,2
2.691644409538113,1,2.905012913775116,1.0,0.0,,,2
2.8938765030554165,1,2.9135798749530544,1.0,0.0,,,2
2.9866259991259696,1,3.0044697965696128,0.0,,,,2
2.8898873586986995,1,2.981254154990967,0.0,,,,2
2.9124602372179265,1,3.059353708597729,1.0,0.0,,,2
2.936561136694746,1,3.1435369181933632,1.0,0.0,,,2
3.0253592842365578,0,,,,,,2
2.9562058647987417,1,2.9347781690150043,1.0,0.0,,,2
2.5195505672549654,0,,,,,,2
2.9277685984511206,1,3.0521795775331237,1.0,0.0,,,2
2.8831473347922882,0,,,,,,2
2.9873309862411905,0,,,,,,2
2.927071403658818,1,2.9336760373164723,1.0,1.0,1.0,2.53510008844379,2
3.008764397624636,1,2.9399598185382545,1.0,1.0,0.0,,2
2.8122003964035587,1,2.9285462038837236,0.0,,,,2
2.8704899394344485,1,2.9999637200258666,0.0,,,,2
2.6980364245298145,1,2.939761399767971,1.0,0.0,,,2
2.9966697659137025,0,,,,,,2
2.9980225809552388,1,3.1557447466291606,1.0,0.0,,,2
2.9125222763978047,0,,,,,,2
3.170724153631131,1,3.1083262507197595,1.0,0.0,,,2
2.9632855359610373,1,2.9074321850070493,1.0,1.0,1.0,2.542806021262702,2
3.0452638322770134,1,3.0963685909547856,1.0,0.0,,,2
2.8778330520007276,1,3.0225595182836513,0.0,,,,2
2.8409908086232303,1,3.000212147736328,1.0,1.0,1.0,2.583760293927124,2
2.8653787721167525,1,2.9374387821811445,0.0,,,,2
2.7208733701002905,1,2.950594568698539,1.0,1.0,1.0,2.2842286872311166,2
2.9556518703823746,1,2.9525208679847936,1.0,0.0,,,2
2.914407962035708,1,2.9803592373446923,1.0,1.0,1.0,2.2829497151689395,2
2.935576843868426,1,3.1698593922046197,1.0,0.0,,,2
2.946288154919182,1,3.0448986129885625,0.0,,,,2
2.7233626239017426,1,2.947028989213753,0.0,,,,2
2.8064401274460136,1,3.0635714341383995,1.0,1.0,1.0,2.2230983268222206,2
2.906679920887193,0,,,,,,2
2.897759569394358,1,3.114397475687022,1.0,1.0,1.0,2.6792437756311993,2
2.688727793761536,0,,,,,,2
2.695861333740716,1,2.7877556005674107,1.0,0.0,,,2
2.9616547783750278,1,3.1777146614696217,1.0,1.0,1.0,2.515118530508794,2
3.0587162131337253,0,,,,,,2
3.032385571289255,1,3.1202870879160987,0.0,,,,2
2.7553195309312435,1,3.01315348319514,1.0,0.0,,,2
2.903313706602644,1,2.8600297852032353,1.0,0.0,,,2
2.8011296322394474,1,2.931185306022344,0.0,,,,2
2.8878936125709846,1,2.913635471089852,0.0,,,,2
2.9309135515329494,1,3.0324115262806983,1.0,1.0,1.0,2.341611873272292,2
2.985869894778847,1,3.175698345807941,0.0,,,,2
2.929461143357861,1,2.9244510779026673,1.0,1.0,1.0,2.5097619152221102,2
3.0106506576486836,1,3.036878448958144,1.0,0.0,,,2
2.8550465241216663,1,3.165647375364145,1.0,1.0,1.0,2.165849756035553,2
2.958802764712468,1,3.0462803452902594,1.0,1.0,1.0,2.6175751097737003,2
2.8645811948869095,1,3.0900500572044014,1.0,1.0,1.0,2.360675562406697,2
2.9145732576994576,1,2.983573106713445,1.0,0.0,,,2
2.816189276468925,1,3.0444439736899302,0.0,,,,2
2.972943781426584,1,3.2012443871659615,1.0,0.0,,,2
3.126543592329349,1,3.1256166888859687,0.0,,,,2
2.8420582570953035,1,2.806089488412571,0.0,,,,2
2.798377005428245,0,,,,,,2
2.6743361158539827,0,,,,,,2
2.798350488027149,1,2.9430388733389132,0.0,,,,2
2.934328167056405,1,3.2360071557206846,1.0,0.0,,,2
3.006243763012564,1,3.1606131724430195,1.0,0.0,,,2
2.9857949836897575,1,3.0671394044922335,1.0,1.0,1.0,2.422305889730209,2
3.0611283277155277,1,3.1394892939129972,1.0,1.0,1.0,2.5361286480817116,2
3.1663760416511835,1,3.1667240450747824,1.0,0.0,,,2
2.920048348241547,1,2.9918928233639477,0.0,,,,2
2.9168161301098454,0,,,,,,2
3.018557317592527,1,3.1039501457797316,1.0,1.0,1.0,2.3978810954229166,2
2.7985461165853667,1,3.078957104301013,1.0,0.0,,,2
2.8655984970261885,1,3.0108106064470195,1.0,0.0,,,2
2.8414231025397267,1,3.035914195674079,1.0,0.0,,,2
2.944460919070708,1,3.0285369635739943,1.0,1.0,1.0,2.2249691020990263,2
2.8937310039618236,1,3.05883657822422,1.0,1.0,1.0,2.443221339117847,2
2.9503868243137177,1,3.1631529666578735,0.0,,,,2
2.7957349037086074,0,,,,,,2
2.9329049700013434,1,3.025033408616358,0.0,,,,2
2.7756946903335784,0,,,,,,2
2.9877334121115795,0,,,,,,2
3.1318208374100602,1,3.260272348127514,0.0,,,,2
2.7651363865379204,1,3.0298593955168984,1.0,1.0,1.0,2.241200462244881,2
2.8532603958361866,1,2.943385322139266,0.0,,,,2
2.988019189819026,1,3.0860231950895867,0.0,,,,2
2.907000137523083,1,2.9751307723908655,1.0,1.0,1.0,2.4375302901059857,2
3.0220728191672626,1,3.2382546436290323,0.0,,,,2
2.868880423630618,1,2.9705131318661233,0.0,,,,2
3.0642925263282685,1,3.2370646798924856,0.0,,,,2
2.9913916704484795,1,3.0818454036714757,1.0,1.0,1.0,2.5873237908081066,2
2.92090950864484,0,,,,,,2
3.0126546382784944,1,3.092089409217418,0.0,,,,2
2.130724724670538,0,,,,,,3
2.343031851260941,1,2.750171335588483,0.0,,,,3
2.3732822690192736,0,,,,,,3
2.475450984246221,1,2.8280454523836447,1.0,1.0,1.0,2.0880906679386446,3
2.447844421054397,0,,,,,,3
2.5250405914570835,0,,,,,,3
2.434005184020043,1,2.829921030393739,0.0,,,,3
2.4761485154083314,1,2.5903588678104628,0.0,,,,3
2.1695762087690382,0,,,,,,3
2.485905082904754,1,2.7015566006669562,0.0,,,,3
2.4210991382140437,1,2.816619714458747,0.0,,,,3
2.381531192390975,1,2.7497637473965155,0.0,,,,3
2.5193663242220623,0,,,,,,3
2.1518778159216327,0,,,,,,3
2.53510008844379,1,2.853870741243489,0.0,,,,3
2.542806021262702,1,2.7990274015203607,1.0,0.0,,,3
2.583760293927124,1,2.862574806263365,0.0,,,,3
2.2842286872311166,1,2.695610629214449,0.0,,,,3
2.2829497151689395,1,2.728176151379273,1.0,0.0,,,3
2.2230983268222206,0,,,,,,3
2.6792437756311993,0,,,,,,3
2.515118530508794,0,,,,,,3
2.341611873272292,0,,,,,,3
2.5097619152221102,0,,,,,,3
2.165849756035553,0,,,,,,3
2.6175751097737003,1,2.963572291099901,1.0,0.0,,,3
2.360675562406697,0,,,,,,3
2.422305889730209,0,,,,,,3
2.5361286480817116,0,,,,,,3
2.3978810954229166,1,2.6676806111447746,1.0,1.0,1.0,1.8222979453193882,3
2.2249691020990263,0,,,,,,3
2.443221339117847,1,2.714800705817994,0.0,,,,3
2.241200462244881,1,2.6028381147668314,1.0,0.0,,,3
2.4375302901059857,0,,,,,,3
2.5873237908081066,0,,,,,,3
2.5971957426472665,1,2.884987742709106,0.0,,,,3
2.999697497074548,1,2.9856037816612324,1.0,0.0,,,3
2.6478552650139977,1,2.7720497407941744,0.0,,,,3
2.6923934341036735,0,,,,,,3
2.781301202694513,0,,,,,,3
2.884530198356547,1,2.954084401395723,1.0,0.0,,,3
2.6197494102402703,1,2.7557708235085654,0.0,,,,3
3.0413454169428737,0,,,,,,3
2.917121943845445,1,2.8590088055861265,0.0,,,,3
3.021978832760818,1,3.137634144880115,1.0,0.0,,,3
2.9873022459601315,1,3.132722975980848,1.0,0.0,,,3
3.0163762354258887,1,3.0493538339786794,1.0,0.0,,,3
2.9757594238327267,0,,,,,,3
3.105503647563378,1,3.046633656529562,0.0,,,,3
3.0725586737865838,1,3.048823007071991,0.0,,,,3
3.101208134328313,1,3.1048536537727567,1.0,0.0,,,3
3.0873575908786846,1,3.2766555736148377,0.0,,,,3
2.932086342807229,1,3.125976753257787,1.0,1.0,1.0,2.459923353706596,3
3.163386905568167,1,3.137827133640469,1.0,1.0,1.0,2.801625706999524,3
3.069113397508657,1,3.229683037549647,1.0,0.0,,,3
3.1039862065472517,1,3.3549751326924815,1.0,0.0,,,3
3.0027819142116075,1,3.145613203164758,1.0,0.0,,,3
2.884225587940435,1,3.116495924473504,1.0,1.0,1.0,2.4330790492010457,3
3.074648121893335,1,3.0737211170192973,1.0,1.0,1.0,2.3999069135600846,3
2.7444351188304568,1,2.9975711861545924,0.0,,,,3
2.9442517293909476,1,2.987905330177986,0.0,,,,3
2.9288493150047055,1,3.2235932004834345,0.0,,,,3
3.1719580807310326,1,3.1037332466164407,0.0,,,,3
3.250218182474421,1,3.3254067245556245,0.0,,,,3
3.1966329131215576,1,3.1261139273952887,1.0,1.0,0.0,,3
3.0402461278471598,1,3.1081456314455616,1.0,1.0,1.0,2.703119277389124,3
2.9724184158050937,1,3.1728899529919667,1.0,0.0,,,3
3.059781448424026,1,3.008822337085395,1.0,0.0,,,3
2.9946123807592278,1,2.977695094124517,0.0,,,,3
3.194504251149776,1,3.1086273937339364,1.0,0.0,,,3
3.013253558000759,1,3.180686288328499,1.0,1.0,1.0,2.513598284302921,3
3.0804401708030777,1,3.202373920722791,0.0,,,,3
2.970336637292351,0,,,,,,3
3.05618152883759,1,3.159676730923015,0.0,,,,3
2.890398198713564,1,2.9777108495393936,1.0,0.0,,,3
3.141212579609561,1,3.174344884315804,1.0,1.0,1.0,2.769679643773808,3
3.1809826054929986,1,3.1611724463330035,0.0,,,,3
3.178971398408625,1,3.2236035770852975,1.0,0.0,,,3
3.0845905658353594,1,3.1025721995362794,0.0,,,,3
2.8776923802965007,1,3.161067251621979,0.0,,,,3
2.9964118370031145,1,3.1797083285497463,0.0,,,,3
2.9159864721687767,0,,,,,,3
2.96753134599206,1,3.0842535903398987,0.0,,,,3
3.0129795214651263,1,3.2172606477252246,0.0,,,,3
3.112896010661533,1,3.230161693272597,1.0,0.0,,,3
2.9051904538354925,1,3.07527003985314,1.0,0.0,,,3
3.2492440217556298,1,3.2835571978519917,1.0,1.0,1.0,2.7441129863878144,3
3.223221750142572,1,3.2357921136995333,1.0,0.0,,,3
3.0211356515438297,1,3.096563789548953,1.0,0.0,,,3
2.961497711129372,1,3.1346942197302305,0.0,,,,3
2.9621625451747744,1,3.0506753921566285,1.0,0.0,,,3
3.116194213464846,1,3.1647976118115526,1.0,1.0,1.0,2.405278502366519,3
2.905012913775116,1,2.9575111974937833,1.0,1.0,1.0,2.6173325963669787,3
2.9135798749530544,0,,,,,,3
3.0044697965696128,1,3.0105550255656217,1.0,1.0,0.0,,3
2.981254154990967,1,2.980662089907525,1.0,0.0,,,3
3.059353708597729,1,3.194391587077025,1.0,0.0,,,3
3.1435369181933632,1,3.132815376466109,1.0,1.0,1.0,2.946289315457705,3
2.9347781690150043,0,,,,,,3
3.0521795775331237,1,3.1513048319969257,0.0,,,,3
2.9336760373164723,1,3.0351755121719752,1.0,1.0,1.0,2.3783434834134525,3
2.9399598185382545,0,,,,,,3
2.9285462038837236,1,3.1581670037794654,1.0,1.0,1.0,2.6075719321933013,3
2.9999637200258666,0,,,,,,3
2.939761399767971,0,,,,,,3
3.1557447466291606,0,,,,,,3
3.1083262507197595,1,3.092783539344991,0.0,,,,3
2.9074321850070493,1,2.9914116814617104,1.0,0.0,,,3
3.0963685909547856,1,3.1664158395676907,1.0,0.0,,,3
3.0225595182836513,1,3.127133729484611,1.0,0.0,,,3
3.000212147736328,1,3.24644403910343,1.0,1.0,1.0,2.5111402496121746,3
2.9374387821811445,0,,,,,,3
2.950594568698539,1,3.0330785648154746,0.0,,,,3
2.9525208679847936,1,3.100762212720723,1.0,1.0,1.0,2.3092570791241176,3
2.9803592373446923,1,2.986263685051059,0.0,,,,3
3.1698593922046197,1,3.1688041344858995,0.0,,,,3
3.0448986129885625,1,3.1496711781486484,0.0,,,,3
2.947028989213753,1,2.9159429597345854,1.0,0.0,,,3
3.0635714341383995,1,3.0455095570650035,1.0,0.0,,,3
3.114397475687022,0,,,,,,3
2.7877556005674107,0,,,,,,3
3.1777146614696217,0,,,,,,3
3.1202870879160987,1,3.1959521715453567,0.0,,,,3
3.01315348319514,1,2.9260445354675353,0.0,,,,3
2.8600297852032353,1,3.1636803245442673,1.0,0.0,,,3
2.931185306022344,0,,,,,,3
2.913635471089852,1,3.1962716005403986,1.0,1.0,1.0,2.302579251581966,3
3.0324115262806983,1,3.112165106164997,1.0,0.0,,,3
3.175698345807941,1,3.3193822631448953,1.0,0.0,,,3
2.9244510779026673,1,2.9640099827015085,1.0,0.0,,,3
3.036878448958144,1,3.0987617117923927,0.0,,,,3
3.165647375364145,1,3.2045294506644746,0.0,,,,3
3.0462803452902594,1,3.10310397187032,0.0,,,,3
3.0900500572044014,1,3.091716614968438,0.0,,,,3
2.983573106713445,0,,,,,,3
3.0444439736899302,1,3.1897430463634575,0.0,,,,3
3.2012443871659615,1,3.209042498281853,0.0,,,,3
3.1256166888859687,0,,,,,,3
2.806089488412571,1,2.9306022331581665,1.0,0.0,,,3
2.9430388733389132,1,3.0920736156933986,1.0,1.0,1.0,2.4200248603706513,3
3.2360071557206846,1,3.2078738446085957,1.0,0.0,,,3
3.1606131724430195,1,3.258851309071147,0.0,,,,3
3.0671394044922335,1,3.144382947397712,1.0,1.0,1.0,2.609872732303894,3
3.1394892939129972,0,,,,,,3
3.1667240450747824,1,3.114671616213419,1.0,1.0,1.0,2.6157444556374045,3
2.9918928233639477,1,3.0065669165676967,1.0,1.0,1.0,2.692391828244289,3
3.1039501457797316,0,,,,,,3
3.078957104301013,1,3.1115087324358077,0.0,,,,3
3.0108106064470195,1,3.1929613710284026,1.0,1.0,1.0,2.259258549407541,3
3.035914195674079,0,,,,,,3
3.0285369635739943,1,3.1952632100293936,1.0,1.0,1.0,2.697487708646281,3
3.05883657822422,1,3.17915571541543,1.0,0.0,,,3
3.1631529666578735,1,3.1957886199864216,1.0,1.0,1.0,2.6326486394125235,3
3.025033408616358,1,3.047342160872943,1.0,1.0,1.0,2.538970770871612,3
3.260272348127514,1,3.1051165520855832,0.0,,,,3
3.0298593955168984,1,3.027248888807065,1.0,0.0,,,3
2.943385322139266,1,3.0988248907539186,0.0,,,,3
3.0860231950895867,1,3.147315783408442,1.0,0.0,,,3
2.9751307723908655,1,3.124669011059895,1.0,0.0,,,3
3.2382546436290323,1,3.180085756893446,1.0,0.0,,,3
2.9705131318661233,1,2.9687342356216897,1.0,1.0,1.0,2.3323305101448857,3
3.2370646798924856,1,3.2738679148803644,1.0,0.0,,,3
3.0818454036714757,1,3.310762475740956,1.0,0.0,,,3
3.092089409217418,0,,,,,,3
2.0880906679386446,0,,,,,,4
1.8222979453193882,0,,,,,,4
2.459923353706596,1,2.7671581718199443,0.0,,,,4
2.801625706999524,0,,,,,,4
2.4330790492010457,1,2.7152184148784406,1.0,0.0,,,4
2.3999069135600846,0,,,,,,4
2.703119277389124,0,,,,,,4
2.513598284302921,0,,,,,,4
2.769679643773808,1,3.017947481979623,1.0,0.0,,,4
2.7441129863878144,1,2.9226856697092947,0.0,,,,4
2.405278502366519,1,2.809993909548485,0.0,,,,4
2.6173325963669787,0,,,,,,4
2.946289315457705,1,3.059783961016882,0.0,,,,4
2.3783434834134525,1,2.5803411944989825,0.0,,,,4
2.6075719321933013,1,2.873437299615309,0.0,,,,4
2.5111402496121746,0,,,,,,4
2.3092570791241176,0,,,,,,4
2.302579251581966,0,,,,,,4
2.4200248603706513,0,,,,,,4
2.609872732303894,1,2.896563120643654,0.0,,,,4
2.6157444556374045,0,,,,,,4
2.692391828244289,0,,,,,,4
2.259258549407541,0,,,,,,4
2.697487708646281,1,2.8744697632668577,1.0,0.0,,,4
2.6326486394125235,1,3.0029951908809926,1.0,0.0,,,4
2.538970770871612,0,,,,,,4
2.3323305101448857,1,2.69099920202745,1.0,0.0,,,4
2.750171335588483,0,,,,,,4
2.8280454523836447,1,3.0311155038296134,1.0,1.0,1.0,2.502494215462043,4
2.829921030393739,0,,,,,,4
2.5903588678104628,0,,,,,,4
2.7015566006669562,1,2.900486077813881,0.0,,,,4
2.816619714458747,1,2.9603724295348757,1.0,1.0,1.0,2.533684777453611,4
2.7497637473965155,1,2.90311621448798,0.0,,,,4
2.853870741243489,1,3.032260508504056,0.0,,,,4
2.7990274015203607,1,2.916400951136244,1.0,0.0,,,4
2.862574806263365,1,2.840819378971327,1.0,0.0,,,4
2.695610629214449,0,,,,,,4
2.728176151379273,0,,,,,,4
2.963572291099901,1,3.0288529367550203,1.0,1.0,1.0,2.659825311290118,4
2.6676806111447746,1,2.8209310573483104,0.0,,,,4
2.714800705817994,1,2.9527897438676804,1.0,1.0,1.0,2.3399284794322255,4
2.6028381147668314,0,,,,,,4
2.884987742709106,1,2.8613731039056045,1.0,0.0,,,4
2.9856037816612324,1,3.136684196223801,1.0,0.0,,,4
2.7720497407941744,0,,,,,,4
2.954084401395723,1,3.1838645001526995,0.0,,,,4
2.7557708235085654,0,,,,,,4
2.8590088055861265,1,2.967633440468325,0.0,,,,4
3.137634144880115,1,3.217909573993411,1.0,1.0,1.0,2.63939093145041,4
3.132722975980848,0,,,,,,4
3.0493538339786794,1,3.0402997810568184,1.0,0.0,,,4
3.046633656529562,1,3.1043088923454123,0.0,,,,4
3.048823007071991,1,3.078172287374321,1.0,1.0,1.0,2.368028792303357,4
3.1048536537727567,1,2.9520992153864833,1.0,1.0,1.0,2.753932615797882,4
3.2766555736148377,1,3.292916319874172,0.0,,,,4
3.125976753257787,1,3.2676556274073554,1.0,0.0,,,4
3.137827133640469,1,3.2767351372709954,1.0,1.0,0.0,,4
3.229683037549647,1,3.2176203910236065,1.0,1.0,1.0,2.604069363612529,4
3.3549751326924815,1,3.310058659805616,1.0,1.0,1.0,2.7189864517555375,4
3.145613203164758,0,,,,,,4
3.116495924473504,1,3.041296315667533,1.0,1.0,1.0,2.6851790507846407,4
3.0737211170192973,1,3.1800905969252775,1.0,1.0,1.0,2.642595337329922,4
2.9975711861545924,0,,,,,,4
2.987905330177986,1,3.0156068864922663,1.0,0.0,,,4
3.2235932004834345,1,3.0699992402795817,1.0,0.0,,,4
3.1037332466164407,1,3.2858895611548675,1.0,0.0,,,4
3.3254067245556245,0,,,,,,4
3.1261139273952887,1,3.162448761195035,1.0,0.0,,,4
3.1081456314455616,1,3.1292350394198625,0.0,,,,4
3.1728899529919667,1,3.230873772744293,1.0,1.0,1.0,2.4977748387763543,4
3.008822337085395,1,3.0532279694604036,0.0,,,,4
2.977695094124517,1,3.101483657167297,0.0,,,,4
3.1086273937339364,1,3.0950454832519556,1.0,1.0,1.0,2.4411195334945113,4
3.180686288328499,0,,,,,,4
3.202373920722791,1,3.171213569549672,1.0,1.0,1.0,2.6182844952216993,4
3.159676730923015,1,3.017994490929791,1.0,0.0,,,4
2.9777108495393936,0,,,,,,4
3.174344884315804,1,3.0718764069543756,1.0,0.0,,,4
3.1611724463330035,1,3.108260256839107,1.0,0.0,,,4
3.2236035770852975,1,3.1581363244549943,1.0,0.0,,,4
3.1025721995362794,1,3.1753898826852467,0.0,,,,4
3.161067251621979,1,3.0546291333822255,1.0,0.0,,,4
3.1797083285497463,1,3.2826854340295646,0.0,,,,4
3.0842535903398987,1,3.1835110378139286,0.0,,,,4
3.2172606477252246,1,3.2839411330691664,1.0,1.0,1.0,2.707693349221804,4
3.230161693272597,1,3.2452291841522642,1.0,1.0,1.0,2.8436298491454517,4
3.07527003985314,1,3.154460602168097,0.0,,,,4
3.2835571978519917,1,3.168932873542529,1.0,1.0,1.0,2.5545775465793996,4
3.2357921136995333,1,3.3119315032439762,1.0,1.0,1.0,2.7885108041034585,4
3.096563789548953,1,3.1480883285276153,1.0,1.0,1.0,2.285277679979019,4
3.1346942197302305,1,3.0446998566898364,0.0,,,,4
3.0506753921566285,1,3.189074401350294,1.0,0.0,,,4
3.1647976118115526,1,3.1015057675647295,1.0,0.0,,,4
2.9575111974937833,1,3.1132834171024606,1.0,1.0,1.0,2.626674348320072,4
3.0105550255656217,1,2.9836979410601296,1.0,1.0,0.0,,4
2.980662089907525,1,3.1666003138755086,0.0,,,,4
3.194391587077025,1,3.279810939301227,1.0,0.0,,,4
3.132815376466109,1,3.2316902425509557,1.0,0.0,,,4
3.1513048319969257,1,3.2261684314001022,1.0,1.0,1.0,2.4601435503137967,4
3.0351755121719752,1,3.123131952137029,1.0,1.0,1.0,2.666006503084034,4
3.1581670037794654,1,3.1636682443416926,1.0,1.0,1.0,2.7201987742845004,4
3.092783539344991,1,3.184584695311107,1.0,0.0,,,4
2.9914116814617104,1,3.0551295089816355,1.0,1.0,1.0,2.39375476299622,4
3.1664158395676907,0,,,,,,4
3.127133729484611,1,3.0856044846768835,1.0,1.0,1.0,2.5929394668023105,4
3.24644403910343,0,,,,,,4
3.0330785648154746,1,3.1315311662151846,1.0,1.0,0.0,,4
3.100762212720723,1,3.202584580952537,1.0,0.0,,,4
2.986263685051059,1,2.9917997033565804,1.0,1.0,1.0,2.6248766067488747,4
3.1688041344858995,1,3.1682458930739745,1.0,0.0,,,4
3.1496711781486484,1,3.113596256427589,0.0,,,,4
2.9159429597345854,1,3.0306510668823154,1.0,0.0,,,4
3.0455095570650035,1,3.218396872208559,0.0,,,,4
3.1959521715453567,0,,,,,,4
2.9260445354675353,1,3.1721969306433353,1.0,0.0,,,4
3.1636803245442673,1,3.103796289255646,0.0,,,,4
3.1962716005403986,1,3.1944906079622974,0.0,,,,4
3.112165106164997,1,3.1659491761005842,0.0,,,,4
3.3193822631448953,1,3.2485786202384483,1.0,0.0,,,4
2.9640099827015085,1,2.8743030241747527,1.0,0.0,,,4
3.0987617117923927,1,3.0356424060595244,1.0,1.0,1.0,2.6520057841051443,4
3.2045294506644746,1,3.217910792007213,1.0,0.0,,,4
3.10310397187032,1,3.120716043549791,1.0,0.0,,,4
3.091716614968438,1,3.084072426617056,1.0,1.0,1.0,2.56040462916386,4
3.1897430463634575,1,3.25283511783651,1.0,1.0,1.0,2.745343115271662,4
3.209042498281853,1,3.2397103683242214,1.0,1.0,1.0,2.539641507650746,4
2.9306022331581665,1,2.9842874916206727,1.0,0.0,,,4
3.0920736156933986,1,3.2083272036099113,0.0,,,,4
3.2078738446085957,1,3.1533008101184477,0.0,,,,4
3.258851309071147,0,,,,,,4
3.144382947397712,1,3.1861555130798958,1.0,0.0,,,4
3.114671616213419,1,3.2192221192932706,1.0,0.0,,,4
3.0065669165676967,1,3.025107490750731,1.0,1.0,1.0,2.5244891824909,4
3.1115087324358077,1,3.105054720585445,1.0,0.0,,,4
3.1929613710284026,1,3.1470569415189007,1.0,1.0,1.0,2.5151488754292646,4
3.1952632100293936,1,3.1678829800371684,1.0,1.0,1.0,2.4775063389689547,4
3.17915571541543,1,3.1099418168172877,1.0,1.0,1.0,2.7308723954168976,4
3.1957886199864216,1,3.1390096445218085,1.0,1.0,1.0,2.7146111247423343,4
3.047342160872943,0,,,,,,4
3.1051165520855832,1,3.1584946389849673,1.0,0.0,,,4
3.027248888807065,1,3.112813510893476,1.0,0.0,,,4
3.0988248907539186,1,3.0633171356018227,1.0,1.0,1.0,2.5394227664026214,4
3.147315783408442,1,3.1464666065989357,1.0,1.0,1.0,2.5349944662829675,4
3.124669011059895,1,3.0946843398796644,1.0,0.0,,,4
3.180085756893446,1,3.1993951280991575,1.0,0.0,,,4
2.9687342356216897,1,3.0337633542084905,1.0,1.0,1.0,2.6690246422437625,4
3.2738679148803644,1,3.327569910307809,1.0,1.0,1.0,2.6758462511313788,4
3.310762475740956,1,3.0704375088159916,0.0,,,,4
